,month,age,active_caseloads_clients,active_caseloads_orders,new_deputyships,terminated
0,Dec-25,0,4,4,2.0,0.0
1,Dec-25,1,7,7,2.0,2.0
2,Dec-25,2,3,3,5.0,0.0
3,Dec-25,3,20,20,3.0,0.0
4,Dec-25,4,46,47,8.0,0.0
5,Dec-25,5,64,65,12.0,0.0
6,Dec-25,6,67,67,9.0,0.0
7,Dec-25,7,109,111,17.0,1.0
8,Dec-25,8,122,123,11.0,0.0
9,Dec-25,9,121,122,8.0,1.0
10,Dec-25,10,143,143,13.0,2.0
11,Dec-25,11,156,156,14.0,1.0
12,Dec-25,12,158,158,12.0,3.0
13,Dec-25,13,182,183,10.0,7.0
14,Dec-25,14,152,154,20.0,5.0
15,Dec-25,15,153,158,13.0,2.0
16,Dec-25,16,145,147,7.0,2.0
17,Dec-25,17,193,212,42.0,6.0
18,Dec-25,18,449,511,120.0,13.0
19,Dec-25,19,917,1058,161.0,14.0
20,Dec-25,20,847,965,139.0,22.0
21,Dec-25,21,743,843,81.0,15.0
22,Dec-25,22,775,899,78.0,22.0
23,Dec-25,23,737,831,72.0,16.0
24,Dec-25,24,773,862,49.0,15.0
25,Dec-25,25,776,884,66.0,12.0
26,Dec-25,26,756,836,34.0,13.0
27,Dec-25,27,719,807,53.0,10.0
28,Dec-25,28,719,780,50.0,16.0
29,Dec-25,29,646,704,38.0,13.0
30,Dec-25,30,682,738,39.0,8.0
31,Dec-25,31,597,627,36.0,16.0
32,Dec-25,32,651,686,45.0,10.0
33,Dec-25,33,564,592,34.0,11.0
34,Dec-25,34,628,666,43.0,21.0
35,Dec-25,35,543,567,63.0,15.0
36,Dec-25,36,568,591,35.0,12.0
37,Dec-25,37,596,619,45.0,17.0
38,Dec-25,38,548,568,47.0,12.0
39,Dec-25,39,526,548,37.0,11.0
40,Dec-25,40,496,515,43.0,11.0
41,Dec-25,41,518,538,36.0,15.0
42,Dec-25,42,513,531,54.0,12.0
43,Dec-25,43,533,550,45.0,15.0
44,Dec-25,44,551,572,43.0,14.0
45,Dec-25,45,638,663,56.0,15.0
46,Dec-25,46,598,614,40.0,22.0
47,Dec-25,47,693,708,45.0,30.0
48,Dec-25,48,759,777,48.0,32.0
49,Dec-25,49,764,782,56.0,27.0
50,Dec-25,50,802,809,44.0,32.0
51,Dec-25,51,879,899,47.0,23.0
52,Dec-25,52,884,900,58.0,55.0
53,Dec-25,53,961,972,68.0,54.0
54,Dec-25,54,969,986,75.0,40.0
55,Dec-25,55,1018,1036,74.0,57.0
56,Dec-25,56,1018,1036,72.0,58.0
57,Dec-25,57,1065,1087,84.0,63.0
58,Dec-25,58,1000,1013,105.0,63.0
59,Dec-25,59,982,1002,104.0,66.0
60,Dec-25,60,956,972,97.0,54.0
61,Dec-25,61,955,967,103.0,65.0
62,Dec-25,62,904,918,112.0,61.0
63,Dec-25,63,884,893,104.0,84.0
64,Dec-25,64,876,886,117.0,77.0
65,Dec-25,65,822,834,106.0,78.0
66,Dec-25,66,805,813,119.0,78.0
67,Dec-25,67,826,832,141.0,95.0
68,Dec-25,68,828,837,118.0,96.0
69,Dec-25,69,831,840,118.0,98.0
70,Dec-25,70,824,835,159.0,116.0
71,Dec-25,71,859,869,125.0,141.0
72,Dec-25,72,937,945,170.0,151.0
73,Dec-25,73,918,926,148.0,170.0
74,Dec-25,74,903,911,186.0,179.0
75,Dec-25,75,899,916,197.0,170.0
76,Dec-25,76,910,912,232.0,220.0
77,Dec-25,77,924,931,280.0,201.0
78,Dec-25,78,887,897,307.0,208.0
79,Dec-25,79,957,965,321.0,245.0
80,Dec-25,80,969,979,304.0,273.0
81,Dec-25,81,931,944,340.0,233.0
82,Dec-25,82,961,967,332.0,286.0
83,Dec-25,83,902,911,344.0,260.0
84,Dec-25,84,899,905,338.0,286.0
85,Dec-25,85,936,941,311.0,297.0
86,Dec-25,86,928,943,341.0,281.0
87,Dec-25,87,865,869,342.0,297.0
88,Dec-25,88,835,843,298.0,282.0
89,Dec-25,89,753,758,310.0,299.0
90,Dec-25,90,647,651,267.0,234.0
91,Dec-25,91,600,604,246.0,229.0
92,Dec-25,92,482,486,191.0,186.0
93,Dec-25,93,424,427,188.0,163.0
94,Dec-25,94,326,328,159.0,132.0
95,Dec-25,95,241,244,126.0,109.0
96,Dec-25,96,185,185,107.0,79.0
97,Dec-25,97,150,151,62.0,69.0
98,Dec-25,98,108,109,59.0,44.0
99,Dec-25,99,52,52,32.0,27.0
100,Dec-25,100,54,55,22.0,27.0
101,Dec-25,101,30,31,11.0,11.0
102,Dec-25,102,21,21,9.0,11.0
103,Dec-25,103,4,4,12.0,2.0
104,Dec-25,104,5,5,2.0,2.0
105,Dec-25,105,1,1,1.0,1.0
106,Jan-26,0,4,4,,
107,Jan-26,1,7,7,,
108,Jan-26,2,3,3,,
109,Jan-26,3,20,20,,
110,Jan-26,4,46,47,,
111,Jan-26,5,64,65,,
112,Jan-26,6,67,67,,
113,Jan-26,7,109,111,,
114,Jan-26,8,122,123,,
115,Jan-26,9,121,122,,
116,Jan-26,10,143,143,,
117,Jan-26,11,156,156,,
118,Jan-26,12,158,158,,
119,Jan-26,13,182,183,,
120,Jan-26,14,152,154,,
121,Jan-26,15,153,158,,
122,Jan-26,16,145,147,,
123,Jan-26,17,193,212,,
124,Jan-26,18,449,511,,
125,Jan-26,19,917,1058,,
126,Jan-26,20,847,965,,
127,Jan-26,21,743,843,,
128,Jan-26,22,775,899,,
129,Jan-26,23,737,831,,
130,Jan-26,24,773,862,,
131,Jan-26,25,776,884,,
132,Jan-26,26,756,836,,
133,Jan-26,27,719,807,,
134,Jan-26,28,719,780,,
135,Jan-26,29,646,704,,
136,Jan-26,30,682,738,,
137,Jan-26,31,597,627,,
138,Jan-26,32,651,686,,
139,Jan-26,33,564,592,,
140,Jan-26,34,628,666,,
141,Jan-26,35,543,567,,
142,Jan-26,36,568,591,,
143,Jan-26,37,596,619,,
144,Jan-26,38,548,568,,
145,Jan-26,39,526,548,,
146,Jan-26,40,496,515,,
147,Jan-26,41,518,538,,
148,Jan-26,42,513,531,,
149,Jan-26,43,533,550,,
150,Jan-26,44,551,572,,
151,Jan-26,45,638,663,,
152,Jan-26,46,598,614,,
153,Jan-26,47,693,708,,
154,Jan-26,48,759,777,,
155,Jan-26,49,764,782,,
156,Jan-26,50,802,809,,
157,Jan-26,51,879,899,,
158,Jan-26,52,884,900,,
159,Jan-26,53,961,972,,
160,Jan-26,54,969,986,,
161,Jan-26,55,1018,1036,,
162,Jan-26,56,1018,1036,,
163,Jan-26,57,1065,1087,,
164,Jan-26,58,1000,1013,,
165,Jan-26,59,982,1002,,
166,Jan-26,60,956,972,,
167,Jan-26,61,955,967,,
168,Jan-26,62,904,918,,
169,Jan-26,63,884,893,,
170,Jan-26,64,876,886,,
171,Jan-26,65,822,834,,
172,Jan-26,66,805,813,,
173,Jan-26,67,826,832,,
174,Jan-26,68,828,837,,
175,Jan-26,69,831,840,,
176,Jan-26,70,824,835,,
177,Jan-26,71,859,869,,
178,Jan-26,72,937,945,,
179,Jan-26,73,918,926,,
180,Jan-26,74,903,911,,
181,Jan-26,75,899,916,,
182,Jan-26,76,910,912,,
183,Jan-26,77,924,931,,
184,Jan-26,78,887,897,,
185,Jan-26,79,957,965,,
186,Jan-26,80,969,979,,
187,Jan-26,81,931,944,,
188,Jan-26,82,961,967,,
189,Jan-26,83,902,911,,
190,Jan-26,84,899,905,,
191,Jan-26,85,936,941,,
192,Jan-26,86,928,943,,
193,Jan-26,87,865,869,,
194,Jan-26,88,835,843,,
195,Jan-26,89,753,758,,
196,Jan-26,90,647,651,,
197,Jan-26,91,600,604,,
198,Jan-26,92,482,486,,
199,Jan-26,93,424,427,,
200,Jan-26,94,326,328,,
201,Jan-26,95,241,244,,
202,Jan-26,96,185,185,,
203,Jan-26,97,150,151,,
204,Jan-26,98,108,109,,
205,Jan-26,99,52,52,,
206,Jan-26,100,54,55,,
207,Jan-26,101,30,31,,
208,Jan-26,102,21,21,,
209,Jan-26,103,4,4,,
210,Jan-26,104,5,5,,
211,Jan-26,105,1,1,,
212,Feb-26,0,4,4,,
213,Feb-26,1,7,7,,
214,Feb-26,2,3,3,,
215,Feb-26,3,20,20,,
216,Feb-26,4,46,47,,
217,Feb-26,5,64,65,,
218,Feb-26,6,67,67,,
219,Feb-26,7,109,111,,
220,Feb-26,8,122,123,,
221,Feb-26,9,121,122,,
222,Feb-26,10,143,143,,
223,Feb-26,11,156,156,,
224,Feb-26,12,158,158,,
225,Feb-26,13,182,183,,
226,Feb-26,14,152,154,,
227,Feb-26,15,153,158,,
228,Feb-26,16,145,147,,
229,Feb-26,17,193,212,,
230,Feb-26,18,449,511,,
231,Feb-26,19,917,1058,,
232,Feb-26,20,847,965,,
233,Feb-26,21,743,843,,
234,Feb-26,22,775,899,,
235,Feb-26,23,737,831,,
236,Feb-26,24,773,862,,
237,Feb-26,25,776,884,,
238,Feb-26,26,756,836,,
239,Feb-26,27,719,807,,
240,Feb-26,28,719,780,,
241,Feb-26,29,646,704,,
242,Feb-26,30,682,738,,
243,Feb-26,31,597,627,,
244,Feb-26,32,651,686,,
245,Feb-26,33,564,592,,
246,Feb-26,34,628,666,,
247,Feb-26,35,543,567,,
248,Feb-26,36,568,591,,
249,Feb-26,37,596,619,,
250,Feb-26,38,548,568,,
251,Feb-26,39,526,548,,
252,Feb-26,40,496,515,,
253,Feb-26,41,518,538,,
254,Feb-26,42,513,531,,
255,Feb-26,43,533,550,,
256,Feb-26,44,551,572,,
257,Feb-26,45,638,663,,
258,Feb-26,46,598,614,,
259,Feb-26,47,693,708,,
260,Feb-26,48,759,777,,
261,Feb-26,49,764,782,,
262,Feb-26,50,802,809,,
263,Feb-26,51,879,899,,
264,Feb-26,52,884,900,,
265,Feb-26,53,961,972,,
266,Feb-26,54,969,986,,
267,Feb-26,55,1018,1036,,
268,Feb-26,56,1018,1036,,
269,Feb-26,57,1065,1087,,
270,Feb-26,58,1000,1013,,
271,Feb-26,59,982,1002,,
272,Feb-26,60,956,972,,
273,Feb-26,61,955,967,,
274,Feb-26,62,904,918,,
275,Feb-26,63,884,893,,
276,Feb-26,64,876,886,,
277,Feb-26,65,822,834,,
278,Feb-26,66,805,813,,
279,Feb-26,67,826,832,,
280,Feb-26,68,828,837,,
281,Feb-26,69,831,840,,
282,Feb-26,70,824,835,,
283,Feb-26,71,859,869,,
284,Feb-26,72,937,945,,
285,Feb-26,73,918,926,,
286,Feb-26,74,903,911,,
287,Feb-26,75,899,916,,
288,Feb-26,76,910,912,,
289,Feb-26,77,924,931,,
290,Feb-26,78,887,897,,
291,Feb-26,79,957,965,,
292,Feb-26,80,969,979,,
293,Feb-26,81,931,944,,
294,Feb-26,82,961,967,,
295,Feb-26,83,902,911,,
296,Feb-26,84,899,905,,
297,Feb-26,85,936,941,,
298,Feb-26,86,928,943,,
299,Feb-26,87,865,869,,
300,Feb-26,88,835,843,,
301,Feb-26,89,753,758,,
302,Feb-26,90,647,651,,
303,Feb-26,91,600,604,,
304,Feb-26,92,482,486,,
305,Feb-26,93,424,427,,
306,Feb-26,94,326,328,,
307,Feb-26,95,241,244,,
308,Feb-26,96,185,185,,
309,Feb-26,97,150,151,,
310,Feb-26,98,108,109,,
311,Feb-26,99,52,52,,
312,Feb-26,100,54,55,,
313,Feb-26,101,30,31,,
314,Feb-26,102,21,21,,
315,Feb-26,103,4,4,,
316,Feb-26,104,5,5,,
317,Feb-26,105,1,1,,
318,Mar-26,0,4,4,,
319,Mar-26,1,7,7,,
320,Mar-26,2,3,3,,
321,Mar-26,3,20,20,,
322,Mar-26,4,46,47,,
323,Mar-26,5,64,65,,
324,Mar-26,6,67,67,,
325,Mar-26,7,109,111,,
326,Mar-26,8,122,123,,
327,Mar-26,9,121,122,,
328,Mar-26,10,143,143,,
329,Mar-26,11,156,156,,
330,Mar-26,12,158,158,,
331,Mar-26,13,182,183,,
332,Mar-26,14,152,154,,
333,Mar-26,15,153,158,,
334,Mar-26,16,145,147,,
335,Mar-26,17,193,212,,
336,Mar-26,18,449,511,,
337,Mar-26,19,917,1058,,
338,Mar-26,20,847,965,,
339,Mar-26,21,743,843,,
340,Mar-26,22,775,899,,
341,Mar-26,23,737,831,,
342,Mar-26,24,773,862,,
343,Mar-26,25,776,884,,
344,Mar-26,26,756,836,,
345,Mar-26,27,719,807,,
346,Mar-26,28,719,780,,
347,Mar-26,29,646,704,,
348,Mar-26,30,682,738,,
349,Mar-26,31,597,627,,
350,Mar-26,32,651,686,,
351,Mar-26,33,564,592,,
352,Mar-26,34,628,666,,
353,Mar-26,35,543,567,,
354,Mar-26,36,568,591,,
355,Mar-26,37,596,619,,
356,Mar-26,38,548,568,,
357,Mar-26,39,526,548,,
358,Mar-26,40,496,515,,
359,Mar-26,41,518,538,,
360,Mar-26,42,513,531,,
361,Mar-26,43,533,550,,
362,Mar-26,44,551,572,,
363,Mar-26,45,638,663,,
364,Mar-26,46,598,614,,
365,Mar-26,47,693,708,,
366,Mar-26,48,759,777,,
367,Mar-26,49,764,782,,
368,Mar-26,50,802,809,,
369,Mar-26,51,879,899,,
370,Mar-26,52,884,900,,
371,Mar-26,53,961,972,,
372,Mar-26,54,969,986,,
373,Mar-26,55,1018,1036,,
374,Mar-26,56,1018,1036,,
375,Mar-26,57,1065,1087,,
376,Mar-26,58,1000,1013,,
377,Mar-26,59,982,1002,,
378,Mar-26,60,956,972,,
379,Mar-26,61,955,967,,
380,Mar-26,62,904,918,,
381,Mar-26,63,884,893,,
382,Mar-26,64,876,886,,
383,Mar-26,65,822,834,,
384,Mar-26,66,805,813,,
385,Mar-26,67,826,832,,
386,Mar-26,68,828,837,,
387,Mar-26,69,831,840,,
388,Mar-26,70,824,835,,
389,Mar-26,71,859,869,,
390,Mar-26,72,937,945,,
391,Mar-26,73,918,926,,
392,Mar-26,74,903,911,,
393,Mar-26,75,899,916,,
394,Mar-26,76,910,912,,
395,Mar-26,77,924,931,,
396,Mar-26,78,887,897,,
397,Mar-26,79,957,965,,
398,Mar-26,80,969,979,,
399,Mar-26,81,931,944,,
400,Mar-26,82,961,967,,
401,Mar-26,83,902,911,,
402,Mar-26,84,899,905,,
403,Mar-26,85,936,941,,
404,Mar-26,86,928,943,,
405,Mar-26,87,865,869,,
406,Mar-26,88,835,843,,
407,Mar-26,89,753,758,,
408,Mar-26,90,647,651,,
409,Mar-26,91,600,604,,
410,Mar-26,92,482,486,,
411,Mar-26,93,424,427,,
412,Mar-26,94,326,328,,
413,Mar-26,95,241,244,,
414,Mar-26,96,185,185,,
415,Mar-26,97,150,151,,
416,Mar-26,98,108,109,,
417,Mar-26,99,52,52,,
418,Mar-26,100,54,55,,
419,Mar-26,101,30,31,,
420,Mar-26,102,21,21,,
421,Mar-26,103,4,4,,
422,Mar-26,104,5,5,,
423,Mar-26,105,1,1,,
424,Apr-26,0,4,4,,
425,Apr-26,1,7,7,,
426,Apr-26,2,3,3,,
427,Apr-26,3,20,20,,
428,Apr-26,4,46,47,,
429,Apr-26,5,64,65,,
430,Apr-26,6,67,67,,
431,Apr-26,7,109,111,,
432,Apr-26,8,122,123,,
433,Apr-26,9,121,122,,
434,Apr-26,10,143,143,,
435,Apr-26,11,156,156,,
436,Apr-26,12,158,158,,
437,Apr-26,13,182,183,,
438,Apr-26,14,152,154,,
439,Apr-26,15,153,158,,
440,Apr-26,16,145,147,,
441,Apr-26,17,193,212,,
442,Apr-26,18,449,511,,
443,Apr-26,19,917,1058,,
444,Apr-26,20,847,965,,
445,Apr-26,21,743,843,,
446,Apr-26,22,775,899,,
447,Apr-26,23,737,831,,
448,Apr-26,24,773,862,,
449,Apr-26,25,776,884,,
450,Apr-26,26,756,836,,
451,Apr-26,27,719,807,,
452,Apr-26,28,719,780,,
453,Apr-26,29,646,704,,
454,Apr-26,30,682,738,,
455,Apr-26,31,597,627,,
456,Apr-26,32,651,686,,
457,Apr-26,33,564,592,,
458,Apr-26,34,628,666,,
459,Apr-26,35,543,567,,
460,Apr-26,36,568,591,,
461,Apr-26,37,596,619,,
462,Apr-26,38,548,568,,
463,Apr-26,39,526,548,,
464,Apr-26,40,496,515,,
465,Apr-26,41,518,538,,
466,Apr-26,42,513,531,,
467,Apr-26,43,533,550,,
468,Apr-26,44,551,572,,
469,Apr-26,45,638,663,,
470,Apr-26,46,598,614,,
471,Apr-26,47,693,708,,
472,Apr-26,48,759,777,,
473,Apr-26,49,764,782,,
474,Apr-26,50,802,809,,
475,Apr-26,51,879,899,,
476,Apr-26,52,884,900,,
477,Apr-26,53,961,972,,
478,Apr-26,54,969,986,,
479,Apr-26,55,1018,1036,,
480,Apr-26,56,1018,1036,,
481,Apr-26,57,1065,1087,,
482,Apr-26,58,1000,1013,,
483,Apr-26,59,982,1002,,
484,Apr-26,60,956,972,,
485,Apr-26,61,955,967,,
486,Apr-26,62,904,918,,
487,Apr-26,63,884,893,,
488,Apr-26,64,876,886,,
489,Apr-26,65,822,834,,
490,Apr-26,66,805,813,,
491,Apr-26,67,826,832,,
492,Apr-26,68,828,837,,
493,Apr-26,69,831,840,,
494,Apr-26,70,824,835,,
495,Apr-26,71,859,869,,
496,Apr-26,72,937,945,,
497,Apr-26,73,918,926,,
498,Apr-26,74,903,911,,
499,Apr-26,75,899,916,,
500,Apr-26,76,910,912,,
501,Apr-26,77,924,931,,
502,Apr-26,78,887,897,,
503,Apr-26,79,957,965,,
504,Apr-26,80,969,979,,
505,Apr-26,81,931,944,,
506,Apr-26,82,961,967,,
507,Apr-26,83,902,911,,
508,Apr-26,84,899,905,,
509,Apr-26,85,936,941,,
510,Apr-26,86,928,943,,
511,Apr-26,87,865,869,,
512,Apr-26,88,835,843,,
513,Apr-26,89,753,758,,
514,Apr-26,90,647,651,,
515,Apr-26,91,600,604,,
516,Apr-26,92,482,486,,
517,Apr-26,93,424,427,,
518,Apr-26,94,326,328,,
519,Apr-26,95,241,244,,
520,Apr-26,96,185,185,,
521,Apr-26,97,150,151,,
522,Apr-26,98,108,109,,
523,Apr-26,99,52,52,,
524,Apr-26,100,54,55,,
525,Apr-26,101,30,31,,
526,Apr-26,102,21,21,,
527,Apr-26,103,4,4,,
528,Apr-26,104,5,5,,
529,Apr-26,105,1,1,,
530,May-26,0,4,4,,
531,May-26,1,7,7,,
532,May-26,2,3,3,,
533,May-26,3,20,20,,
534,May-26,4,46,47,,
535,May-26,5,64,65,,
536,May-26,6,67,67,,
537,May-26,7,109,111,,
538,May-26,8,122,123,,
539,May-26,9,121,122,,
540,May-26,10,143,143,,
541,May-26,11,156,156,,
542,May-26,12,158,158,,
543,May-26,13,182,183,,
544,May-26,14,152,154,,
545,May-26,15,153,158,,
546,May-26,16,145,147,,
547,May-26,17,193,212,,
548,May-26,18,449,511,,
549,May-26,19,917,1058,,
550,May-26,20,847,965,,
551,May-26,21,743,843,,
552,May-26,22,775,899,,
553,May-26,23,737,831,,
554,May-26,24,773,862,,
555,May-26,25,776,884,,
556,May-26,26,756,836,,
557,May-26,27,719,807,,
558,May-26,28,719,780,,
559,May-26,29,646,704,,
560,May-26,30,682,738,,
561,May-26,31,597,627,,
562,May-26,32,651,686,,
563,May-26,33,564,592,,
564,May-26,34,628,666,,
565,May-26,35,543,567,,
566,May-26,36,568,591,,
567,May-26,37,596,619,,
568,May-26,38,548,568,,
569,May-26,39,526,548,,
570,May-26,40,496,515,,
571,May-26,41,518,538,,
572,May-26,42,513,531,,
573,May-26,43,533,550,,
574,May-26,44,551,572,,
575,May-26,45,638,663,,
576,May-26,46,598,614,,
577,May-26,47,693,708,,
578,May-26,48,759,777,,
579,May-26,49,764,782,,
580,May-26,50,802,809,,
581,May-26,51,879,899,,
582,May-26,52,884,900,,
583,May-26,53,961,972,,
584,May-26,54,969,986,,
585,May-26,55,1018,1036,,
586,May-26,56,1018,1036,,
587,May-26,57,1065,1087,,
588,May-26,58,1000,1013,,
589,May-26,59,982,1002,,
590,May-26,60,956,972,,
591,May-26,61,955,967,,
592,May-26,62,904,918,,
593,May-26,63,884,893,,
594,May-26,64,876,886,,
595,May-26,65,822,834,,
596,May-26,66,805,813,,
597,May-26,67,826,832,,
598,May-26,68,828,837,,
599,May-26,69,831,840,,
600,May-26,70,824,835,,
601,May-26,71,859,869,,
602,May-26,72,937,945,,
603,May-26,73,918,926,,
604,May-26,74,903,911,,
605,May-26,75,899,916,,
606,May-26,76,910,912,,
607,May-26,77,924,931,,
608,May-26,78,887,897,,
609,May-26,79,957,965,,
610,May-26,80,969,979,,
611,May-26,81,931,944,,
612,May-26,82,961,967,,
613,May-26,83,902,911,,
614,May-26,84,899,905,,
615,May-26,85,936,941,,
616,May-26,86,928,943,,
617,May-26,87,865,869,,
618,May-26,88,835,843,,
619,May-26,89,753,758,,
620,May-26,90,647,651,,
621,May-26,91,600,604,,
622,May-26,92,482,486,,
623,May-26,93,424,427,,
624,May-26,94,326,328,,
625,May-26,95,241,244,,
626,May-26,96,185,185,,
627,May-26,97,150,151,,
628,May-26,98,108,109,,
629,May-26,99,52,52,,
630,May-26,100,54,55,,
631,May-26,101,30,31,,
632,May-26,102,21,21,,
633,May-26,103,4,4,,
634,May-26,104,5,5,,
635,May-26,105,1,1,,
636,Jun-26,0,4,4,,
637,Jun-26,1,7,7,,
638,Jun-26,2,3,3,,
639,Jun-26,3,20,20,,
640,Jun-26,4,46,47,,
641,Jun-26,5,64,65,,
642,Jun-26,6,67,67,,
643,Jun-26,7,109,111,,
644,Jun-26,8,122,123,,
645,Jun-26,9,121,122,,
646,Jun-26,10,143,143,,
647,Jun-26,11,156,156,,
648,Jun-26,12,158,158,,
649,Jun-26,13,182,183,,
650,Jun-26,14,152,154,,
651,Jun-26,15,153,158,,
652,Jun-26,16,145,147,,
653,Jun-26,17,193,212,,
654,Jun-26,18,449,511,,
655,Jun-26,19,917,1058,,
656,Jun-26,20,847,965,,
657,Jun-26,21,743,843,,
658,Jun-26,22,775,899,,
659,Jun-26,23,737,831,,
660,Jun-26,24,773,862,,
661,Jun-26,25,776,884,,
662,Jun-26,26,756,836,,
663,Jun-26,27,719,807,,
664,Jun-26,28,719,780,,
665,Jun-26,29,646,704,,
666,Jun-26,30,682,738,,
667,Jun-26,31,597,627,,
668,Jun-26,32,651,686,,
669,Jun-26,33,564,592,,
670,Jun-26,34,628,666,,
671,Jun-26,35,543,567,,
672,Jun-26,36,568,591,,
673,Jun-26,37,596,619,,
674,Jun-26,38,548,568,,
675,Jun-26,39,526,548,,
676,Jun-26,40,496,515,,
677,Jun-26,41,518,538,,
678,Jun-26,42,513,531,,
679,Jun-26,43,533,550,,
680,Jun-26,44,551,572,,
681,Jun-26,45,638,663,,
682,Jun-26,46,598,614,,
683,Jun-26,47,693,708,,
684,Jun-26,48,759,777,,
685,Jun-26,49,764,782,,
686,Jun-26,50,802,809,,
687,Jun-26,51,879,899,,
688,Jun-26,52,884,900,,
689,Jun-26,53,961,972,,
690,Jun-26,54,969,986,,
691,Jun-26,55,1018,1036,,
692,Jun-26,56,1018,1036,,
693,Jun-26,57,1065,1087,,
694,Jun-26,58,1000,1013,,
695,Jun-26,59,982,1002,,
696,Jun-26,60,956,972,,
697,Jun-26,61,955,967,,
698,Jun-26,62,904,918,,
699,Jun-26,63,884,893,,
700,Jun-26,64,876,886,,
701,Jun-26,65,822,834,,
702,Jun-26,66,805,813,,
703,Jun-26,67,826,832,,
704,Jun-26,68,828,837,,
705,Jun-26,69,831,840,,
706,Jun-26,70,824,835,,
707,Jun-26,71,859,869,,
708,Jun-26,72,937,945,,
709,Jun-26,73,918,926,,
710,Jun-26,74,903,911,,
711,Jun-26,75,899,916,,
712,Jun-26,76,910,912,,
713,Jun-26,77,924,931,,
714,Jun-26,78,887,897,,
715,Jun-26,79,957,965,,
716,Jun-26,80,969,979,,
717,Jun-26,81,931,944,,
718,Jun-26,82,961,967,,
719,Jun-26,83,902,911,,
720,Jun-26,84,899,905,,
721,Jun-26,85,936,941,,
722,Jun-26,86,928,943,,
723,Jun-26,87,865,869,,
724,Jun-26,88,835,843,,
725,Jun-26,89,753,758,,
726,Jun-26,90,647,651,,
727,Jun-26,91,600,604,,
728,Jun-26,92,482,486,,
729,Jun-26,93,424,427,,
730,Jun-26,94,326,328,,
731,Jun-26,95,241,244,,
732,Jun-26,96,185,185,,
733,Jun-26,97,150,151,,
734,Jun-26,98,108,109,,
735,Jun-26,99,52,52,,
736,Jun-26,100,54,55,,
737,Jun-26,101,30,31,,
738,Jun-26,102,21,21,,
739,Jun-26,103,4,4,,
740,Jun-26,104,5,5,,
741,Jun-26,105,1,1,,
742,Jul-26,0,4,4,,
743,Jul-26,1,7,7,,
744,Jul-26,2,3,3,,
745,Jul-26,3,20,20,,
746,Jul-26,4,46,47,,
747,Jul-26,5,64,65,,
748,Jul-26,6,67,67,,
749,Jul-26,7,109,111,,
750,Jul-26,8,122,123,,
751,Jul-26,9,121,122,,
752,Jul-26,10,143,143,,
753,Jul-26,11,156,156,,
754,Jul-26,12,158,158,,
755,Jul-26,13,182,183,,
756,Jul-26,14,152,154,,
757,Jul-26,15,153,158,,
758,Jul-26,16,145,147,,
759,Jul-26,17,193,212,,
760,Jul-26,18,449,511,,
761,Jul-26,19,917,1058,,
762,Jul-26,20,847,965,,
763,Jul-26,21,743,843,,
764,Jul-26,22,775,899,,
765,Jul-26,23,737,831,,
766,Jul-26,24,773,862,,
767,Jul-26,25,776,884,,
768,Jul-26,26,756,836,,
769,Jul-26,27,719,807,,
770,Jul-26,28,719,780,,
771,Jul-26,29,646,704,,
772,Jul-26,30,682,738,,
773,Jul-26,31,597,627,,
774,Jul-26,32,651,686,,
775,Jul-26,33,564,592,,
776,Jul-26,34,628,666,,
777,Jul-26,35,543,567,,
778,Jul-26,36,568,591,,
779,Jul-26,37,596,619,,
780,Jul-26,38,548,568,,
781,Jul-26,39,526,548,,
782,Jul-26,40,496,515,,
783,Jul-26,41,518,538,,
784,Jul-26,42,513,531,,
785,Jul-26,43,533,550,,
786,Jul-26,44,551,572,,
787,Jul-26,45,638,663,,
788,Jul-26,46,598,614,,
789,Jul-26,47,693,708,,
790,Jul-26,48,759,777,,
791,Jul-26,49,764,782,,
792,Jul-26,50,802,809,,
793,Jul-26,51,879,899,,
794,Jul-26,52,884,900,,
795,Jul-26,53,961,972,,
796,Jul-26,54,969,986,,
797,Jul-26,55,1018,1036,,
798,Jul-26,56,1018,1036,,
799,Jul-26,57,1065,1087,,
800,Jul-26,58,1000,1013,,
801,Jul-26,59,982,1002,,
802,Jul-26,60,956,972,,
803,Jul-26,61,955,967,,
804,Jul-26,62,904,918,,
805,Jul-26,63,884,893,,
806,Jul-26,64,876,886,,
807,Jul-26,65,822,834,,
808,Jul-26,66,805,813,,
809,Jul-26,67,826,832,,
810,Jul-26,68,828,837,,
811,Jul-26,69,831,840,,
812,Jul-26,70,824,835,,
813,Jul-26,71,859,869,,
814,Jul-26,72,937,945,,
815,Jul-26,73,918,926,,
816,Jul-26,74,903,911,,
817,Jul-26,75,899,916,,
818,Jul-26,76,910,912,,
819,Jul-26,77,924,931,,
820,Jul-26,78,887,897,,
821,Jul-26,79,957,965,,
822,Jul-26,80,969,979,,
823,Jul-26,81,931,944,,
824,Jul-26,82,961,967,,
825,Jul-26,83,902,911,,
826,Jul-26,84,899,905,,
827,Jul-26,85,936,941,,
828,Jul-26,86,928,943,,
829,Jul-26,87,865,869,,
830,Jul-26,88,835,843,,
831,Jul-26,89,753,758,,
832,Jul-26,90,647,651,,
833,Jul-26,91,600,604,,
834,Jul-26,92,482,486,,
835,Jul-26,93,424,427,,
836,Jul-26,94,326,328,,
837,Jul-26,95,241,244,,
838,Jul-26,96,185,185,,
839,Jul-26,97,150,151,,
840,Jul-26,98,108,109,,
841,Jul-26,99,52,52,,
842,Jul-26,100,54,55,,
843,Jul-26,101,30,31,,
844,Jul-26,102,21,21,,
845,Jul-26,103,4,4,,
846,Jul-26,104,5,5,,
847,Jul-26,105,1,1,,
848,Aug-26,0,4,4,,
849,Aug-26,1,7,7,,
850,Aug-26,2,3,3,,
851,Aug-26,3,20,20,,
852,Aug-26,4,46,47,,
853,Aug-26,5,64,65,,
854,Aug-26,6,67,67,,
855,Aug-26,7,109,111,,
856,Aug-26,8,122,123,,
857,Aug-26,9,121,122,,
858,Aug-26,10,143,143,,
859,Aug-26,11,156,156,,
860,Aug-26,12,158,158,,
861,Aug-26,13,182,183,,
862,Aug-26,14,152,154,,
863,Aug-26,15,153,158,,
864,Aug-26,16,145,147,,
865,Aug-26,17,193,212,,
866,Aug-26,18,449,511,,
867,Aug-26,19,917,1058,,
868,Aug-26,20,847,965,,
869,Aug-26,21,743,843,,
870,Aug-26,22,775,899,,
871,Aug-26,23,737,831,,
872,Aug-26,24,773,862,,
873,Aug-26,25,776,884,,
874,Aug-26,26,756,836,,
875,Aug-26,27,719,807,,
876,Aug-26,28,719,780,,
877,Aug-26,29,646,704,,
878,Aug-26,30,682,738,,
879,Aug-26,31,597,627,,
880,Aug-26,32,651,686,,
881,Aug-26,33,564,592,,
882,Aug-26,34,628,666,,
883,Aug-26,35,543,567,,
884,Aug-26,36,568,591,,
885,Aug-26,37,596,619,,
886,Aug-26,38,548,568,,
887,Aug-26,39,526,548,,
888,Aug-26,40,496,515,,
889,Aug-26,41,518,538,,
890,Aug-26,42,513,531,,
891,Aug-26,43,533,550,,
892,Aug-26,44,551,572,,
893,Aug-26,45,638,663,,
894,Aug-26,46,598,614,,
895,Aug-26,47,693,708,,
896,Aug-26,48,759,777,,
897,Aug-26,49,764,782,,
898,Aug-26,50,802,809,,
899,Aug-26,51,879,899,,
900,Aug-26,52,884,900,,
901,Aug-26,53,961,972,,
902,Aug-26,54,969,986,,
903,Aug-26,55,1018,1036,,
904,Aug-26,56,1018,1036,,
905,Aug-26,57,1065,1087,,
906,Aug-26,58,1000,1013,,
907,Aug-26,59,982,1002,,
908,Aug-26,60,956,972,,
909,Aug-26,61,955,967,,
910,Aug-26,62,904,918,,
911,Aug-26,63,884,893,,
912,Aug-26,64,876,886,,
913,Aug-26,65,822,834,,
914,Aug-26,66,805,813,,
915,Aug-26,67,826,832,,
916,Aug-26,68,828,837,,
917,Aug-26,69,831,840,,
918,Aug-26,70,824,835,,
919,Aug-26,71,859,869,,
920,Aug-26,72,937,945,,
921,Aug-26,73,918,926,,
922,Aug-26,74,903,911,,
923,Aug-26,75,899,916,,
924,Aug-26,76,910,912,,
925,Aug-26,77,924,931,,
926,Aug-26,78,887,897,,
927,Aug-26,79,957,965,,
928,Aug-26,80,969,979,,
929,Aug-26,81,931,944,,
930,Aug-26,82,961,967,,
931,Aug-26,83,902,911,,
932,Aug-26,84,899,905,,
933,Aug-26,85,936,941,,
934,Aug-26,86,928,943,,
935,Aug-26,87,865,869,,
936,Aug-26,88,835,843,,
937,Aug-26,89,753,758,,
938,Aug-26,90,647,651,,
939,Aug-26,91,600,604,,
940,Aug-26,92,482,486,,
941,Aug-26,93,424,427,,
942,Aug-26,94,326,328,,
943,Aug-26,95,241,244,,
944,Aug-26,96,185,185,,
945,Aug-26,97,150,151,,
946,Aug-26,98,108,109,,
947,Aug-26,99,52,52,,
948,Aug-26,100,54,55,,
949,Aug-26,101,30,31,,
950,Aug-26,102,21,21,,
951,Aug-26,103,4,4,,
952,Aug-26,104,5,5,,
953,Aug-26,105,1,1,,
954,Sep-26,0,4,4,,
955,Sep-26,1,7,7,,
956,Sep-26,2,3,3,,
957,Sep-26,3,20,20,,
958,Sep-26,4,46,47,,
959,Sep-26,5,64,65,,
960,Sep-26,6,67,67,,
961,Sep-26,7,109,111,,
962,Sep-26,8,122,123,,
963,Sep-26,9,121,122,,
964,Sep-26,10,143,143,,
965,Sep-26,11,156,156,,
966,Sep-26,12,158,158,,
967,Sep-26,13,182,183,,
968,Sep-26,14,152,154,,
969,Sep-26,15,153,158,,
970,Sep-26,16,145,147,,
971,Sep-26,17,193,212,,
972,Sep-26,18,449,511,,
973,Sep-26,19,917,1058,,
974,Sep-26,20,847,965,,
975,Sep-26,21,743,843,,
976,Sep-26,22,775,899,,
977,Sep-26,23,737,831,,
978,Sep-26,24,773,862,,
979,Sep-26,25,776,884,,
980,Sep-26,26,756,836,,
981,Sep-26,27,719,807,,
982,Sep-26,28,719,780,,
983,Sep-26,29,646,704,,
984,Sep-26,30,682,738,,
985,Sep-26,31,597,627,,
986,Sep-26,32,651,686,,
987,Sep-26,33,564,592,,
988,Sep-26,34,628,666,,
989,Sep-26,35,543,567,,
990,Sep-26,36,568,591,,
991,Sep-26,37,596,619,,
992,Sep-26,38,548,568,,
993,Sep-26,39,526,548,,
994,Sep-26,40,496,515,,
995,Sep-26,41,518,538,,
996,Sep-26,42,513,531,,
997,Sep-26,43,533,550,,
998,Sep-26,44,551,572,,
999,Sep-26,45,638,663,,
1000,Sep-26,46,598,614,,
1001,Sep-26,47,693,708,,
1002,Sep-26,48,759,777,,
1003,Sep-26,49,764,782,,
1004,Sep-26,50,802,809,,
1005,Sep-26,51,879,899,,
1006,Sep-26,52,884,900,,
1007,Sep-26,53,961,972,,
1008,Sep-26,54,969,986,,
1009,Sep-26,55,1018,1036,,
1010,Sep-26,56,1018,1036,,
1011,Sep-26,57,1065,1087,,
1012,Sep-26,58,1000,1013,,
1013,Sep-26,59,982,1002,,
1014,Sep-26,60,956,972,,
1015,Sep-26,61,955,967,,
1016,Sep-26,62,904,918,,
1017,Sep-26,63,884,893,,
1018,Sep-26,64,876,886,,
1019,Sep-26,65,822,834,,
1020,Sep-26,66,805,813,,
1021,Sep-26,67,826,832,,
1022,Sep-26,68,828,837,,
1023,Sep-26,69,831,840,,
1024,Sep-26,70,824,835,,
1025,Sep-26,71,859,869,,
1026,Sep-26,72,937,945,,
1027,Sep-26,73,918,926,,
1028,Sep-26,74,903,911,,
1029,Sep-26,75,899,916,,
1030,Sep-26,76,910,912,,
1031,Sep-26,77,924,931,,
1032,Sep-26,78,887,897,,
1033,Sep-26,79,957,965,,
1034,Sep-26,80,969,979,,
1035,Sep-26,81,931,944,,
1036,Sep-26,82,961,967,,
1037,Sep-26,83,902,911,,
1038,Sep-26,84,899,905,,
1039,Sep-26,85,936,941,,
1040,Sep-26,86,928,943,,
1041,Sep-26,87,865,869,,
1042,Sep-26,88,835,843,,
1043,Sep-26,89,753,758,,
1044,Sep-26,90,647,651,,
1045,Sep-26,91,600,604,,
1046,Sep-26,92,482,486,,
1047,Sep-26,93,424,427,,
1048,Sep-26,94,326,328,,
1049,Sep-26,95,241,244,,
1050,Sep-26,96,185,185,,
1051,Sep-26,97,150,151,,
1052,Sep-26,98,108,109,,
1053,Sep-26,99,52,52,,
1054,Sep-26,100,54,55,,
1055,Sep-26,101,30,31,,
1056,Sep-26,102,21,21,,
1057,Sep-26,103,4,4,,
1058,Sep-26,104,5,5,,
1059,Sep-26,105,1,1,,
1060,Oct-26,0,4,4,,
1061,Oct-26,1,7,7,,
1062,Oct-26,2,3,3,,
1063,Oct-26,3,20,20,,
1064,Oct-26,4,46,47,,
1065,Oct-26,5,64,65,,
1066,Oct-26,6,67,67,,
1067,Oct-26,7,109,111,,
1068,Oct-26,8,122,123,,
1069,Oct-26,9,121,122,,
1070,Oct-26,10,143,143,,
1071,Oct-26,11,156,156,,
1072,Oct-26,12,158,158,,
1073,Oct-26,13,182,183,,
1074,Oct-26,14,152,154,,
1075,Oct-26,15,153,158,,
1076,Oct-26,16,145,147,,
1077,Oct-26,17,193,212,,
1078,Oct-26,18,449,511,,
1079,Oct-26,19,917,1058,,
1080,Oct-26,20,847,965,,
1081,Oct-26,21,743,843,,
1082,Oct-26,22,775,899,,
1083,Oct-26,23,737,831,,
1084,Oct-26,24,773,862,,
1085,Oct-26,25,776,884,,
1086,Oct-26,26,756,836,,
1087,Oct-26,27,719,807,,
1088,Oct-26,28,719,780,,
1089,Oct-26,29,646,704,,
1090,Oct-26,30,682,738,,
1091,Oct-26,31,597,627,,
1092,Oct-26,32,651,686,,
1093,Oct-26,33,564,592,,
1094,Oct-26,34,628,666,,
1095,Oct-26,35,543,567,,
1096,Oct-26,36,568,591,,
1097,Oct-26,37,596,619,,
1098,Oct-26,38,548,568,,
1099,Oct-26,39,526,548,,
1100,Oct-26,40,496,515,,
1101,Oct-26,41,518,538,,
1102,Oct-26,42,513,531,,
1103,Oct-26,43,533,550,,
1104,Oct-26,44,551,572,,
1105,Oct-26,45,638,663,,
1106,Oct-26,46,598,614,,
1107,Oct-26,47,693,708,,
1108,Oct-26,48,759,777,,
1109,Oct-26,49,764,782,,
1110,Oct-26,50,802,809,,
1111,Oct-26,51,879,899,,
1112,Oct-26,52,884,900,,
1113,Oct-26,53,961,972,,
1114,Oct-26,54,969,986,,
1115,Oct-26,55,1018,1036,,
1116,Oct-26,56,1018,1036,,
1117,Oct-26,57,1065,1087,,
1118,Oct-26,58,1000,1013,,
1119,Oct-26,59,982,1002,,
1120,Oct-26,60,956,972,,
1121,Oct-26,61,955,967,,
1122,Oct-26,62,904,918,,
1123,Oct-26,63,884,893,,
1124,Oct-26,64,876,886,,
1125,Oct-26,65,822,834,,
1126,Oct-26,66,805,813,,
1127,Oct-26,67,826,832,,
1128,Oct-26,68,828,837,,
1129,Oct-26,69,831,840,,
1130,Oct-26,70,824,835,,
1131,Oct-26,71,859,869,,
1132,Oct-26,72,937,945,,
1133,Oct-26,73,918,926,,
1134,Oct-26,74,903,911,,
1135,Oct-26,75,899,916,,
1136,Oct-26,76,910,912,,
1137,Oct-26,77,924,931,,
1138,Oct-26,78,887,897,,
1139,Oct-26,79,957,965,,
1140,Oct-26,80,969,979,,
1141,Oct-26,81,931,944,,
1142,Oct-26,82,961,967,,
1143,Oct-26,83,902,911,,
1144,Oct-26,84,899,905,,
1145,Oct-26,85,936,941,,
1146,Oct-26,86,928,943,,
1147,Oct-26,87,865,869,,
1148,Oct-26,88,835,843,,
1149,Oct-26,89,753,758,,
1150,Oct-26,90,647,651,,
1151,Oct-26,91,600,604,,
1152,Oct-26,92,482,486,,
1153,Oct-26,93,424,427,,
1154,Oct-26,94,326,328,,
1155,Oct-26,95,241,244,,
1156,Oct-26,96,185,185,,
1157,Oct-26,97,150,151,,
1158,Oct-26,98,108,109,,
1159,Oct-26,99,52,52,,
1160,Oct-26,100,54,55,,
1161,Oct-26,101,30,31,,
1162,Oct-26,102,21,21,,
1163,Oct-26,103,4,4,,
1164,Oct-26,104,5,5,,
1165,Oct-26,105,1,1,,
1166,Nov-26,0,4,4,,
1167,Nov-26,1,7,7,,
1168,Nov-26,2,3,3,,
1169,Nov-26,3,20,20,,
1170,Nov-26,4,46,47,,
1171,Nov-26,5,64,65,,
1172,Nov-26,6,67,67,,
1173,Nov-26,7,109,111,,
1174,Nov-26,8,122,123,,
1175,Nov-26,9,121,122,,
1176,Nov-26,10,143,143,,
1177,Nov-26,11,156,156,,
1178,Nov-26,12,158,158,,
1179,Nov-26,13,182,183,,
1180,Nov-26,14,152,154,,
1181,Nov-26,15,153,158,,
1182,Nov-26,16,145,147,,
1183,Nov-26,17,193,212,,
1184,Nov-26,18,449,511,,
1185,Nov-26,19,917,1058,,
1186,Nov-26,20,847,965,,
1187,Nov-26,21,743,843,,
1188,Nov-26,22,775,899,,
1189,Nov-26,23,737,831,,
1190,Nov-26,24,773,862,,
1191,Nov-26,25,776,884,,
1192,Nov-26,26,756,836,,
1193,Nov-26,27,719,807,,
1194,Nov-26,28,719,780,,
1195,Nov-26,29,646,704,,
1196,Nov-26,30,682,738,,
1197,Nov-26,31,597,627,,
1198,Nov-26,32,651,686,,
1199,Nov-26,33,564,592,,
1200,Nov-26,34,628,666,,
1201,Nov-26,35,543,567,,
1202,Nov-26,36,568,591,,
1203,Nov-26,37,596,619,,
1204,Nov-26,38,548,568,,
1205,Nov-26,39,526,548,,
1206,Nov-26,40,496,515,,
1207,Nov-26,41,518,538,,
1208,Nov-26,42,513,531,,
1209,Nov-26,43,533,550,,
1210,Nov-26,44,551,572,,
1211,Nov-26,45,638,663,,
1212,Nov-26,46,598,614,,
1213,Nov-26,47,693,708,,
1214,Nov-26,48,759,777,,
1215,Nov-26,49,764,782,,
1216,Nov-26,50,802,809,,
1217,Nov-26,51,879,899,,
1218,Nov-26,52,884,900,,
1219,Nov-26,53,961,972,,
1220,Nov-26,54,969,986,,
1221,Nov-26,55,1018,1036,,
1222,Nov-26,56,1018,1036,,
1223,Nov-26,57,1065,1087,,
1224,Nov-26,58,1000,1013,,
1225,Nov-26,59,982,1002,,
1226,Nov-26,60,956,972,,
1227,Nov-26,61,955,967,,
1228,Nov-26,62,904,918,,
1229,Nov-26,63,884,893,,
1230,Nov-26,64,876,886,,
1231,Nov-26,65,822,834,,
1232,Nov-26,66,805,813,,
1233,Nov-26,67,826,832,,
1234,Nov-26,68,828,837,,
1235,Nov-26,69,831,840,,
1236,Nov-26,70,824,835,,
1237,Nov-26,71,859,869,,
1238,Nov-26,72,937,945,,
1239,Nov-26,73,918,926,,
1240,Nov-26,74,903,911,,
1241,Nov-26,75,899,916,,
1242,Nov-26,76,910,912,,
1243,Nov-26,77,924,931,,
1244,Nov-26,78,887,897,,
1245,Nov-26,79,957,965,,
1246,Nov-26,80,969,979,,
1247,Nov-26,81,931,944,,
1248,Nov-26,82,961,967,,
1249,Nov-26,83,902,911,,
1250,Nov-26,84,899,905,,
1251,Nov-26,85,936,941,,
1252,Nov-26,86,928,943,,
1253,Nov-26,87,865,869,,
1254,Nov-26,88,835,843,,
1255,Nov-26,89,753,758,,
1256,Nov-26,90,647,651,,
1257,Nov-26,91,600,604,,
1258,Nov-26,92,482,486,,
1259,Nov-26,93,424,427,,
1260,Nov-26,94,326,328,,
1261,Nov-26,95,241,244,,
1262,Nov-26,96,185,185,,
1263,Nov-26,97,150,151,,
1264,Nov-26,98,108,109,,
1265,Nov-26,99,52,52,,
1266,Nov-26,100,54,55,,
1267,Nov-26,101,30,31,,
1268,Nov-26,102,21,21,,
1269,Nov-26,103,4,4,,
1270,Nov-26,104,5,5,,
1271,Nov-26,105,1,1,,
1272,Dec-26,0,6,6,,
1273,Dec-26,1,7,7,,
1274,Dec-26,2,8,8,,
1275,Dec-26,3,23,23,,
1276,Dec-26,4,54,55,,
1277,Dec-26,5,76,77,,
1278,Dec-26,6,76,76,,
1279,Dec-26,7,125,127,,
1280,Dec-26,8,133,134,,
1281,Dec-26,9,128,129,,
1282,Dec-26,10,154,154,,
1283,Dec-26,11,169,169,,
1284,Dec-26,12,167,167,,
1285,Dec-26,13,185,186,,
1286,Dec-26,14,167,169,,
1287,Dec-26,15,164,169,,
1288,Dec-26,16,150,152,,
1289,Dec-26,17,229,248,,
1290,Dec-26,18,556,618,,
1291,Dec-26,19,1064,1205,,
1292,Dec-26,20,964,1082,,
1293,Dec-26,21,809,909,,
1294,Dec-26,22,831,955,,
1295,Dec-26,23,793,887,,
1296,Dec-26,24,807,896,,
1297,Dec-26,25,830,938,,
1298,Dec-26,26,777,857,,
1299,Dec-26,27,762,850,,
1300,Dec-26,28,753,814,,
1301,Dec-26,29,671,729,,
1302,Dec-26,30,713,769,,
1303,Dec-26,31,617,647,,
1304,Dec-26,32,686,721,,
1305,Dec-26,33,587,615,,
1306,Dec-26,34,650,688,,
1307,Dec-26,35,591,615,,
1308,Dec-26,36,591,614,,
1309,Dec-26,37,624,647,,
1310,Dec-26,38,583,603,,
1311,Dec-26,39,552,574,,
1312,Dec-26,40,528,547,,
1313,Dec-26,41,539,559,,
1314,Dec-26,42,555,573,,
1315,Dec-26,43,563,580,,
1316,Dec-26,44,580,601,,
1317,Dec-26,45,679,704,,
1318,Dec-26,46,616,632,,
1319,Dec-26,47,708,723,,
1320,Dec-26,48,775,793,,
1321,Dec-26,49,793,811,,
1322,Dec-26,50,814,821,,
1323,Dec-26,51,903,923,,
1324,Dec-26,52,887,903,,
1325,Dec-26,53,975,986,,
1326,Dec-26,54,1004,1021,,
1327,Dec-26,55,1035,1053,,
1328,Dec-26,56,1032,1050,,
1329,Dec-26,57,1086,1108,,
1330,Dec-26,58,1042,1055,,
1331,Dec-26,59,1020,1040,,
1332,Dec-26,60,999,1015,,
1333,Dec-26,61,993,1005,,
1334,Dec-26,62,955,969,,
1335,Dec-26,63,904,913,,
1336,Dec-26,64,916,926,,
1337,Dec-26,65,850,862,,
1338,Dec-26,66,846,854,,
1339,Dec-26,67,872,878,,
1340,Dec-26,68,850,859,,
1341,Dec-26,69,851,860,,
1342,Dec-26,70,867,878,,
1343,Dec-26,71,843,853,,
1344,Dec-26,72,956,964,,
1345,Dec-26,73,896,904,,
1346,Dec-26,74,910,918,,
1347,Dec-26,75,926,943,,
1348,Dec-26,76,922,924,,
1349,Dec-26,77,1003,1010,,
1350,Dec-26,78,986,996,,
1351,Dec-26,79,1033,1041,,
1352,Dec-26,80,1000,1010,,
1353,Dec-26,81,1038,1051,,
1354,Dec-26,82,1007,1013,,
1355,Dec-26,83,986,995,,
1356,Dec-26,84,951,957,,
1357,Dec-26,85,950,955,,
1358,Dec-26,86,988,1003,,
1359,Dec-26,87,910,914,,
1360,Dec-26,88,851,859,,
1361,Dec-26,89,764,769,,
1362,Dec-26,90,680,684,,
1363,Dec-26,91,617,621,,
1364,Dec-26,92,487,491,,
1365,Dec-26,93,449,452,,
1366,Dec-26,94,353,355,,
1367,Dec-26,95,258,261,,
1368,Dec-26,96,213,213,,
1369,Dec-26,97,143,144,,
1370,Dec-26,98,123,124,,
1371,Dec-26,99,57,57,,
1372,Dec-26,100,49,50,,
1373,Dec-26,101,30,31,,
1374,Dec-26,102,19,19,,
1375,Dec-26,103,14,14,,
1376,Dec-26,104,5,5,,
1377,Dec-26,105,1,1,,
